[
  null,
  {
    "id": 1,
    "animationId": 41,
    "consumable": true,
    "damage": {
      "critical": false,
      "elementId": 0,
      "formula": "0",
      "type": 0,
      "variance": 20
    },
    "description": "",
    "effects": [
      {
        "code": 11,
        "dataId": 0,
        "value1": 0,
        "value2": 500
      }
    ],
    "hitType": 0,
    "iconIndex": 176,
    "itypeId": 1,
    "name": "Potion",
    "note": "",
    "occasion": 0,
    "price": 50,
    "repeats": 1,
    "scope": 7,
    "speed": 0,
    "successRate": 100,
    "tpGain": 0
  },
  {
    "id": 2,
    "animationId": 41,
    "consumable": true,
    "damage": {
      "critical": false,
      "elementId": 0,
      "formula": "0",
      "type": 0,
      "variance": 20
    },
    "description": "",
    "effects": [
      {
        "code": 12,
        "dataId": 0,
        "value1": 0,
        "value2": 200
      }
    ],
    "hitType": 0,
    "iconIndex": 176,
    "itypeId": 1,
    "name": "Magic Water",
    "note": "",
    "occasion": 0,
    "price": 100,
    "repeats": 1,
    "scope": 7,
    "speed": 0,
    "successRate": 100,
    "tpGain": 0
  },
  {
    "id": 3,
    "animationId": 45,
    "consumable": true,
    "damage": {
      "critical": false,
      "elementId": 0,
      "formula": "0",
      "type": 0,
      "variance": 20
    },
    "description": "",
    "effects": [
      {
        "code": 22,
        "dataId": 4,
        "value1": 1,
        "value2": 0
      },
      {
        "code": 22,
        "dataId": 5,
        "value1": 1,
        "value2": 0
      },
      {
        "code": 22,
        "dataId": 6,
        "value1": 1,
        "value2": 0
      },
      {
        "code": 22,
        "dataId": 7,
        "value1": 1,
        "value2": 0
      },
      {
        "code": 22,
        "dataId": 8,
        "value1": 1,
        "value2": 0
      },
      {
        "code": 22,
        "dataId": 9,
        "value1": 1,
        "value2": 0
      },
      {
        "code": 22,
        "dataId": 10,
        "value1": 1,
        "value2": 0
      }
    ],
    "hitType": 0,
    "iconIndex": 176,
    "itypeId": 1,
    "name": "Dispel Herb",
    "note": "",
    "occasion": 0,
    "price": 200,
    "repeats": 1,
    "scope": 7,
    "speed": 0,
    "successRate": 100,
    "tpGain": 0
  },
  {
    "id": 4,
    "animationId": 49,
    "consumable": true,
    "damage": {
      "critical": false,
      "elementId": 0,
      "formula": "b.mhp / 2",
      "type": 3,
      "variance": 20
    },
    "description": "",
    "effects": [
      {
        "code": 22,
        "dataId": 1,
        "value1": 1,
        "value2": 0
      }
    ],
    "hitType": 0,
    "iconIndex": 176,
    "itypeId": 1,
    "name": "Stimulant",
    "note": "",
    "occasion": 0,
    "price": 300,
    "repeats": 1,
    "scope": 9,
    "speed": 0,
    "successRate": 100,
    "tpGain": 0
  },
  {
    "id": 5,
    "animationId": 0,
    "consumable": false,
    "damage": {
      "critical": false,
      "elementId": 0,
      "formula": "0",
      "type": 0,
      "variance": 20
    },
    "description": "Allows for time travel",
    "effects": [
      {
        "code": 44,
        "dataId": 1,
        "value1": 1,
        "value2": 0
      }
    ],
    "hitType": 0,
    "iconIndex": 221,
    "itypeId": 2,
    "name": "Timepiece",
    "note": "",
    "occasion": 0,
    "price": 0,
    "repeats": 1,
    "scope": 0,
    "speed": 0,
    "successRate": 100,
    "tpGain": 0
  },
  {
    "id": 6,
    "animationId": 0,
    "consumable": false,
    "damage": {
      "critical": false,
      "elementId": 0,
      "formula": "0",
      "type": 0,
      "variance": 20
    },
    "description": "T O R C H",
    "effects": [
      {
        "code": 44,
        "dataId": 2,
        "value1": 1,
        "value2": 0
      }
    ],
    "hitType": 0,
    "iconIndex": 163,
    "itypeId": 2,
    "name": "Torch",
    "note": "",
    "occasion": 0,
    "price": 0,
    "repeats": 1,
    "scope": 0,
    "speed": 0,
    "successRate": 100,
    "tpGain": 0
  }
]