[
  null,
  {
    "id": 1,
    "expanded": true,
    "name": "MAP001",
    "order": 1,
    "parentId": 0,
    "scrollX": 0,
    "scrollY": 0
  },
  {
    "id": 2,
    "expanded": true,
    "name": "Past",
    "order": 3,
    "parentId": 1,
    "scrollX": 0,
    "scrollY": 0
  },
  {
    "id": 3,
    "expanded": true,
    "name": "Present",
    "order": 2,
    "parentId": 1,
    "scrollX": 0,
    "scrollY": 0
  },
  {
    "id": 4,
    "expanded": true,
    "name": "Outer Gate Present",
    "order": 4,
    "parentId": 1,
    "scrollX": 0,
    "scrollY": 0
  },
  {
    "id": 5,
    "expanded": true,
    "name": "Outer Gate Split",
    "order": 5,
    "parentId": 1,
    "scrollX": 0,
    "scrollY": 0
  },
  {
    "id": 6,
    "expanded": true,
    "name": "Outer Courtyard Present",
    "order": 6,
    "parentId": 1,
    "scrollX": 0,
    "scrollY": 0
  },
  {
    "id": 7,
    "expanded": true,
    "name": "Outer Courtyard Past",
    "order": 7,
    "parentId": 1,
    "scrollX": 0,
    "scrollY": 0
  },
  {
    "id": 8,
    "expanded": true,
    "name": "Sofhia's Save Room",
    "order": 8,
    "parentId": 1,
    "scrollX": 0,
    "scrollY": 0
  }
]